ref,value,manufacturer,mpn,footprint,sheet,status,source,note
U1,ESP32-P4NRW32X,Espressif,ESP32-P4NRW32X,ESP32-P4,processor,Candidate; wiring and qualification pending,https://documentation.espressif.com/esp32-p4_datasheet_en.html,Current X / rev3+ symbol. IMX519 full-resolution path unproven. 32 MB in-package PSRAM; external flash required.
U2,ESP32-C6-MINI-1-N4,Espressif,ESP32-C6-MINI-1-N4,ESP32-C6-MINI-1,processor,Candidate; wiring and qualification pending,https://www.espressif.com/sites/default/files/documentation/esp32-c6-mini-1_datasheet_en.pdf,Wi-Fi/BLE companion. SDIO/ESP-Hosted integration pending. Antenna needs copper/component keepout.
U3,W25Q128JVSIQ,Winbond,W25Q128JVSIQ,SOIC-8_5.3x5.3mm_P1.27mm,processor,Candidate; wiring and qualification pending,https://www.winbond.com/resource-files/w25q128jv_dtr%20revc%2003272018%20plus.pdf,16 MiB external SPI flash; boot flash voltage and strapping pending.
J2,Pi-style CSI camera - 15 pin,Molex,2005280150,Molex_200528-0150_1x15-1MP_P1.00mm_Horizontal,processor,Candidate; wiring and qualification pending,https://www.molex.com/en-us/products/part-detail/2005280150,"Bottom-contact, 1 mm pitch. Confirm actual Arducam module/ribbon contact side and pinout before wiring."
Y1,40 MHz / 10 pF,Abracon,ABM8-40.000MHZ-10-1-U-T,Crystal_SMD_3225-4Pin_3.2x2.5mm,processor,Candidate; wiring and qualification pending,https://abracon.com/Support/SPICE/Resonators/ABM8-Series%20ParameterTest%20Data_SPICE%20MODEL.pdf,Manufacturer test report gives +/-10 ppm. Ordering availability and temperature specification need confirmation; generic package model.
U4,TPS62132RGTR,Texas Instruments,TPS62132RGTR,VQFN-16-1EP_3x3mm_P0.5mm_EP1.68x1.68mm,power,Candidate; wiring and qualification pending,https://www.ti.com/product/TPS62132,"Fixed 3.3 V, 3 A main buck. Inductor/output network and load budget pending."
U5,TLV62569DBVR,Texas Instruments,TLV62569DBVR,SOT-23-5,power,Candidate; wiring and qualification pending,https://www.ti.com/product/TLV62569,"P4 core buck. Use rev3+ feedback/control circuit, not a fixed generic 1.1 V assumption."
U6,TUSB320IRWBR,Texas Instruments,TUSB320IRWBR,Texas_X2QFN-12_1.6x1.6mm_P0.4mm,power,Candidate; wiring and qualification pending,https://www.ti.com/product/TUSB320/part-details/TUSB320IRWBR,5 V Type-C source-current detection. Configure sink. Not a PD controller; gate load to advertised current. Stock availability not confirmed.
U8,USBLC6-2SC6,STMicroelectronics,USBLC6-2SC6,SOT-23-6,power,Candidate; wiring and qualification pending,https://www.st.com/en/protection-devices/usblc6-2.html,USB data-line ESD protection; additional VBUS/CC protection design pending.
U9,TPS22919DCKR,Texas Instruments,TPS22919DCKR,SOT-363_SC-70-6,power,Candidate; wiring and qualification pending,https://www.ti.com/product/TPS22919,Camera power switch candidate; confirm camera module supply and startup current.
J1,USB-C / 5 V,GCT,USB4105-GF-A,USB_C_Receptacle_GCT_USB4105-xx-A_16P_TopMnt_Horizontal,power,Candidate; wiring and qualification pending,https://gct.co/connector/USB4105,Select exact stake length/order suffix with board thickness; input load protection/inrush circuitry pending.
J3,Service UART / boot,Generic,TBD 1x06 2.54 mm header,PinHeader_1x06_P2.54mm_Vertical,power,Candidate; wiring and qualification pending,https://gitlab.com/kicad/libraries/kicad-footprints,Service pinout not assigned; prefer production test pads in final design.
SW2,RESET,Generic,TBD 6 mm tactile,SW_PUSH_6mm_H4.3mm,power,Candidate; wiring and qualification pending,https://gitlab.com/kicad/libraries/kicad-footprints,Generic body; choose exact switch force/actuator height for enclosure.
SW3,BOOT,Generic,TBD 6 mm tactile,SW_PUSH_6mm_H4.3mm,power,Candidate; wiring and qualification pending,https://gitlab.com/kicad/libraries/kicad-footprints,Generic body; choose exact switch force/actuator height for enclosure.
U7,TPS61165DBVR,Texas Instruments,TPS61165DBVR,SOT-23-6,lighting,Candidate; wiring and qualification pending,https://www.ti.com/product/TPS61165,"Constant-current boost candidate. 1.2 A is switch rating, not available LED output current. Tentative eight-series / 100 mA for initial optical study only."
D10,SS16-E3/61T,Vishay,SS16-E3/61T,D_SMA,lighting,Candidate; wiring and qualification pending,https://www.vishay.com/en/product/88746/,"Boost rectifier candidate; calculate peak current, losses and reverse voltage."
D2,White 5000 K / CRI90,Cree LED,XPGDWT-U1-0000-00J3E,LED_Cree-XP-G,lighting,Candidate; wiring and qualification pending,https://downloads.cree-led.com/files/ds/x/XLamp-XPG3.pdf,"Plain white XP-G3. Qty eight provisional. Shared XP-G footprint and package STEP are candidates, not an exact manufacturer XP-G3 model. Thermal pad electrically isolated from LED; heat-spreading copper required."
D3,White 5000 K / CRI90,Cree LED,XPGDWT-U1-0000-00J3E,LED_Cree-XP-G,lighting,Candidate; wiring and qualification pending,https://downloads.cree-led.com/files/ds/x/XLamp-XPG3.pdf,"Plain white XP-G3. Qty eight provisional. Shared XP-G footprint and package STEP are candidates, not an exact manufacturer XP-G3 model. Thermal pad electrically isolated from LED; heat-spreading copper required."
D4,White 5000 K / CRI90,Cree LED,XPGDWT-U1-0000-00J3E,LED_Cree-XP-G,lighting,Candidate; wiring and qualification pending,https://downloads.cree-led.com/files/ds/x/XLamp-XPG3.pdf,"Plain white XP-G3. Qty eight provisional. Shared XP-G footprint and package STEP are candidates, not an exact manufacturer XP-G3 model. Thermal pad electrically isolated from LED; heat-spreading copper required."
D5,White 5000 K / CRI90,Cree LED,XPGDWT-U1-0000-00J3E,LED_Cree-XP-G,lighting,Candidate; wiring and qualification pending,https://downloads.cree-led.com/files/ds/x/XLamp-XPG3.pdf,"Plain white XP-G3. Qty eight provisional. Shared XP-G footprint and package STEP are candidates, not an exact manufacturer XP-G3 model. Thermal pad electrically isolated from LED; heat-spreading copper required."
D6,White 5000 K / CRI90,Cree LED,XPGDWT-U1-0000-00J3E,LED_Cree-XP-G,lighting,Candidate; wiring and qualification pending,https://downloads.cree-led.com/files/ds/x/XLamp-XPG3.pdf,"Plain white XP-G3. Qty eight provisional. Shared XP-G footprint and package STEP are candidates, not an exact manufacturer XP-G3 model. Thermal pad electrically isolated from LED; heat-spreading copper required."
D7,White 5000 K / CRI90,Cree LED,XPGDWT-U1-0000-00J3E,LED_Cree-XP-G,lighting,Candidate; wiring and qualification pending,https://downloads.cree-led.com/files/ds/x/XLamp-XPG3.pdf,"Plain white XP-G3. Qty eight provisional. Shared XP-G footprint and package STEP are candidates, not an exact manufacturer XP-G3 model. Thermal pad electrically isolated from LED; heat-spreading copper required."
D8,White 5000 K / CRI90,Cree LED,XPGDWT-U1-0000-00J3E,LED_Cree-XP-G,lighting,Candidate; wiring and qualification pending,https://downloads.cree-led.com/files/ds/x/XLamp-XPG3.pdf,"Plain white XP-G3. Qty eight provisional. Shared XP-G footprint and package STEP are candidates, not an exact manufacturer XP-G3 model. Thermal pad electrically isolated from LED; heat-spreading copper required."
D9,White 5000 K / CRI90,Cree LED,XPGDWT-U1-0000-00J3E,LED_Cree-XP-G,lighting,Candidate; wiring and qualification pending,https://downloads.cree-led.com/files/ds/x/XLamp-XPG3.pdf,"Plain white XP-G3. Qty eight provisional. Shared XP-G footprint and package STEP are candidates, not an exact manufacturer XP-G3 model. Thermal pad electrically isolated from LED; heat-spreading copper required."
L1,2.2 uH,Coilcraft,XAL4020-222MEC,L_Coilcraft_XAL4020-XXX,power,Candidate; wiring and qualification pending,https://www.coilcraft.com/en-us/products/power/shielded-inductors/molded-inductor/xal/xal40xx/xal4020-222/,Electrical value and current/temperature margin provisional; package imported from KiCad.
L2,2.2 uH,Coilcraft,XAL4020-222MEC,L_Coilcraft_XAL4020-XXX,power,Candidate; wiring and qualification pending,https://www.coilcraft.com/en-us/products/power/shielded-inductors/molded-inductor/xal/xal40xx/xal4020-222/,Electrical value and current/temperature margin provisional; package imported from KiCad.
L3,10 uH,Coilcraft,XAL4040-103MEC,L_Coilcraft_XAL4040-XXX,lighting,Candidate; wiring and qualification pending,https://www.coilcraft.com/en-us/products/power/shielded-inductors/molded-inductor/xal/xal40xx/xal4040-103/,Electrical value and current/temperature margin provisional; package imported from KiCad.
C2,100nF,Murata,GRM188R71C104KA01D,C_0603_1608Metric,support,Candidate; wiring and qualification pending,https://www.murata.com/en-us/products/capacitor/ceramiccapacitor,"16 V X7R; quantities/value/rail assignments provisional, DC-bias derating pending."
C3,100nF,Murata,GRM188R71C104KA01D,C_0603_1608Metric,support,Candidate; wiring and qualification pending,https://www.murata.com/en-us/products/capacitor/ceramiccapacitor,"16 V X7R; quantities/value/rail assignments provisional, DC-bias derating pending."
C4,100nF,Murata,GRM188R71C104KA01D,C_0603_1608Metric,support,Candidate; wiring and qualification pending,https://www.murata.com/en-us/products/capacitor/ceramiccapacitor,"16 V X7R; quantities/value/rail assignments provisional, DC-bias derating pending."
C5,100nF,Murata,GRM188R71C104KA01D,C_0603_1608Metric,support,Candidate; wiring and qualification pending,https://www.murata.com/en-us/products/capacitor/ceramiccapacitor,"16 V X7R; quantities/value/rail assignments provisional, DC-bias derating pending."
C6,100nF,Murata,GRM188R71C104KA01D,C_0603_1608Metric,support,Candidate; wiring and qualification pending,https://www.murata.com/en-us/products/capacitor/ceramiccapacitor,"16 V X7R; quantities/value/rail assignments provisional, DC-bias derating pending."
C7,100nF,Murata,GRM188R71C104KA01D,C_0603_1608Metric,support,Candidate; wiring and qualification pending,https://www.murata.com/en-us/products/capacitor/ceramiccapacitor,"16 V X7R; quantities/value/rail assignments provisional, DC-bias derating pending."
C8,100nF,Murata,GRM188R71C104KA01D,C_0603_1608Metric,support,Candidate; wiring and qualification pending,https://www.murata.com/en-us/products/capacitor/ceramiccapacitor,"16 V X7R; quantities/value/rail assignments provisional, DC-bias derating pending."
C9,100nF,Murata,GRM188R71C104KA01D,C_0603_1608Metric,support,Candidate; wiring and qualification pending,https://www.murata.com/en-us/products/capacitor/ceramiccapacitor,"16 V X7R; quantities/value/rail assignments provisional, DC-bias derating pending."
C10,100nF,Murata,GRM188R71C104KA01D,C_0603_1608Metric,support,Candidate; wiring and qualification pending,https://www.murata.com/en-us/products/capacitor/ceramiccapacitor,"16 V X7R; quantities/value/rail assignments provisional, DC-bias derating pending."
C11,100nF,Murata,GRM188R71C104KA01D,C_0603_1608Metric,support,Candidate; wiring and qualification pending,https://www.murata.com/en-us/products/capacitor/ceramiccapacitor,"16 V X7R; quantities/value/rail assignments provisional, DC-bias derating pending."
C12,100nF,Murata,GRM188R71C104KA01D,C_0603_1608Metric,support,Candidate; wiring and qualification pending,https://www.murata.com/en-us/products/capacitor/ceramiccapacitor,"16 V X7R; quantities/value/rail assignments provisional, DC-bias derating pending."
C13,100nF,Murata,GRM188R71C104KA01D,C_0603_1608Metric,support,Candidate; wiring and qualification pending,https://www.murata.com/en-us/products/capacitor/ceramiccapacitor,"16 V X7R; quantities/value/rail assignments provisional, DC-bias derating pending."
C14,100nF,Murata,GRM188R71C104KA01D,C_0603_1608Metric,support,Candidate; wiring and qualification pending,https://www.murata.com/en-us/products/capacitor/ceramiccapacitor,"16 V X7R; quantities/value/rail assignments provisional, DC-bias derating pending."
C15,100nF,Murata,GRM188R71C104KA01D,C_0603_1608Metric,support,Candidate; wiring and qualification pending,https://www.murata.com/en-us/products/capacitor/ceramiccapacitor,"16 V X7R; quantities/value/rail assignments provisional, DC-bias derating pending."
C16,100nF,Murata,GRM188R71C104KA01D,C_0603_1608Metric,support,Candidate; wiring and qualification pending,https://www.murata.com/en-us/products/capacitor/ceramiccapacitor,"16 V X7R; quantities/value/rail assignments provisional, DC-bias derating pending."
C17,100nF,Murata,GRM188R71C104KA01D,C_0603_1608Metric,support,Candidate; wiring and qualification pending,https://www.murata.com/en-us/products/capacitor/ceramiccapacitor,"16 V X7R; quantities/value/rail assignments provisional, DC-bias derating pending."
C18,10uF,Murata,GRM21BR61A106KE19L,C_0805_2012Metric,support,Candidate; wiring and qualification pending,https://www.murata.com/en-us/products/capacitor/ceramiccapacitor,"10 V X5R; quantities/value/rail assignments provisional, DC-bias derating pending."
C19,100nF,Murata,GRM188R71C104KA01D,C_0603_1608Metric,support,Candidate; wiring and qualification pending,https://www.murata.com/en-us/products/capacitor/ceramiccapacitor,"16 V X7R; quantities/value/rail assignments provisional, DC-bias derating pending."
C20,100nF,Murata,GRM188R71C104KA01D,C_0603_1608Metric,support,Candidate; wiring and qualification pending,https://www.murata.com/en-us/products/capacitor/ceramiccapacitor,"16 V X7R; quantities/value/rail assignments provisional, DC-bias derating pending."
C21,10uF,Murata,GRM21BR61A106KE19L,C_0805_2012Metric,support,Candidate; wiring and qualification pending,https://www.murata.com/en-us/products/capacitor/ceramiccapacitor,"10 V X5R; quantities/value/rail assignments provisional, DC-bias derating pending."
C22,10uF,Murata,GRM21BR61A106KE19L,C_0805_2012Metric,support,Candidate; wiring and qualification pending,https://www.murata.com/en-us/products/capacitor/ceramiccapacitor,"10 V X5R; quantities/value/rail assignments provisional, DC-bias derating pending."
C23,10uF,Murata,GRM21BR61A106KE19L,C_0805_2012Metric,support,Candidate; wiring and qualification pending,https://www.murata.com/en-us/products/capacitor/ceramiccapacitor,"10 V X5R; quantities/value/rail assignments provisional, DC-bias derating pending."
C24,100nF,Murata,GRM188R71C104KA01D,C_0603_1608Metric,support,Candidate; wiring and qualification pending,https://www.murata.com/en-us/products/capacitor/ceramiccapacitor,"16 V X7R; quantities/value/rail assignments provisional, DC-bias derating pending."
C25,1uF,Murata,GRM21BR71H105KA12L,C_0805_2012Metric,support,Candidate; wiring and qualification pending,https://www.murata.com/en-us/products/capacitor/ceramiccapacitor,"50 V X7R; LED boost output candidate; quantities/value/rail assignments provisional, DC-bias derating pending."
R8,499k,Yageo,RC0603FR-07499KL,R_0603_1608Metric,support,Candidate; wiring and qualification pending,https://www.yageogroup.com/component-documentation/download/specsheet/RC0603FR-07499KL,P4 rev3 core control network; not wired; value and MPN ordering check pending.
R9,499k,Yageo,RC0603FR-07499KL,R_0603_1608Metric,support,Candidate; wiring and qualification pending,https://www.yageogroup.com/component-documentation/download/specsheet/RC0603FR-07499KL,P4 rev3 core control network; not wired; value and MPN ordering check pending.
R10,4.02k,Yageo,RC0603FR-074K02L,R_0603_1608Metric,support,Candidate; wiring and qualification pending,https://www.yageogroup.com/component-documentation/download/specsheet/RC0603FR-074K02L,CSI REXT; not wired; value and MPN ordering check pending.
R11,4.02k,Yageo,RC0603FR-074K02L,R_0603_1608Metric,support,Candidate; wiring and qualification pending,https://www.yageogroup.com/component-documentation/download/specsheet/RC0603FR-074K02L,DSI REXT if DSI used; not wired; value and MPN ordering check pending.
R12,10k,Yageo,RC0603FR-0710KL,R_0603_1608Metric,support,Candidate; wiring and qualification pending,https://www.yageogroup.com/component-documentation/download/specsheet/RC0603FR-0710KL,Reset pull-up candidate; not wired; value and MPN ordering check pending.
R13,10k,Yageo,RC0603FR-0710KL,R_0603_1608Metric,support,Candidate; wiring and qualification pending,https://www.yageogroup.com/component-documentation/download/specsheet/RC0603FR-0710KL,Boot pull-up candidate; not wired; value and MPN ordering check pending.
R14,100k,Yageo,RC0603FR-07100KL,R_0603_1608Metric,support,Candidate; wiring and qualification pending,https://www.yageogroup.com/component-documentation/download/specsheet/RC0603FR-07100KL,LED enable default-off candidate; not wired; value and MPN ordering check pending.
R15,2 ohm,Yageo,RC0805FR-072RL,R_0805_2012Metric,support,Candidate; wiring and qualification pending,https://www.yageogroup.com/component-documentation/download/specsheet/RC0805FR-072RL,LED current sense: 0.2 V / 2 ohm = 100 mA initial study; not wired; value and MPN ordering check pending.
R16,2.2k,Yageo,RC0603FR-072K2L,R_0603_1608Metric,support,Candidate; wiring and qualification pending,https://www.yageogroup.com/component-documentation/download/specsheet/RC0603FR-072K2L,Camera I2C pull-up candidate; not wired; value and MPN ordering check pending.
R17,2.2k,Yageo,RC0603FR-072K2L,R_0603_1608Metric,support,Candidate; wiring and qualification pending,https://www.yageogroup.com/component-documentation/download/specsheet/RC0603FR-072K2L,Camera I2C pull-up candidate; not wired; value and MPN ordering check pending.
C26,22pF,Murata,GRM1885C1H220JA01D,C_0603_1608Metric,support,Candidate; wiring and qualification pending,https://www.murata.com/en-us/products/capacitor/ceramiccapacitor,Core compensation; crystal capacitors require load/stray calculation and measurement.
C27,TUNE pF,Murata,TBD C0G 0603,C_0603_1608Metric,support,Candidate; wiring and qualification pending,https://www.murata.com/en-us/products/capacitor/ceramiccapacitor,Crystal load; crystal capacitors require load/stray calculation and measurement.
C28,TUNE pF,Murata,TBD C0G 0603,C_0603_1608Metric,support,Candidate; wiring and qualification pending,https://www.murata.com/en-us/products/capacitor/ceramiccapacitor,Crystal load; crystal capacitors require load/stray calculation and measurement.
